laneId,libID,genomeVersion,speciesName,sampleName,sampleType,orderType,orderID,orderStatus,analysisGoals,requestingDepartment,prnOrderNo,requester,indexTypeID,indexType,indexes,locOfCustBarcode,resultPaths,collaborationProjects,experimentalVariables
1,L60545,astMex_2.0,Astyanax mexicanus | surface fish (astMex_2.0),5dpfsurface1,Wild Type,poly-A Stranded RNA-Seq,316600,COMPLETED,compare the transcriptomes between surface fish and cavefish using liver samples.,Rohner Lab,MOLNG-3681,cc2673,907,Illumina TruSeq (AD),"[{'label': 'AD001', 'sequence': 'ATCACG'}]",Illumina TruSeq Style,/n/analysis/Rohner/cc2673/MOLNG-3681/HK5NCBGXT/,"[{'name': 'Rohner Lab', 'prnProjectId': 'SCI-003201'}]",[]
1,L60546,astMex_2.0,Astyanax mexicanus | surface fish (astMex_2.0),5dpfsurface2,Wild Type,poly-A Stranded RNA-Seq,316600,COMPLETED,compare the transcriptomes between surface fish and cavefish using liver samples.,Rohner Lab,MOLNG-3681,cc2673,907,Illumina TruSeq (AD),"[{'label': 'AD002', 'sequence': 'CGATGT'}]",Illumina TruSeq Style,/n/analysis/Rohner/cc2673/MOLNG-3681/HK5NCBGXT/,"[{'name': 'Rohner Lab', 'prnProjectId': 'SCI-003201'}]",[]
1,L60547,astMex_2.0,Astyanax mexicanus | surface fish (astMex_2.0),5dpfsurface3,Wild Type,poly-A Stranded RNA-Seq,316600,COMPLETED,compare the transcriptomes between surface fish and cavefish using liver samples.,Rohner Lab,MOLNG-3681,cc2673,907,Illumina TruSeq (AD),"[{'label': 'AD003', 'sequence': 'TTAGGC'}]",Illumina TruSeq Style,/n/analysis/Rohner/cc2673/MOLNG-3681/HK5NCBGXT/,"[{'name': 'Rohner Lab', 'prnProjectId': 'SCI-003201'}]",[]
1,L60548,astMex_2.0,Astyanax mexicanus | cave fish (astMex_2.0),5dpfTINAJA1,Wild Type,poly-A Stranded RNA-Seq,316600,COMPLETED,compare the transcriptomes between surface fish and cavefish using liver samples.,Rohner Lab,MOLNG-3681,cc2673,907,Illumina TruSeq (AD),"[{'label': 'AD004', 'sequence': 'TGACCA'}]",Illumina TruSeq Style,/n/analysis/Rohner/cc2673/MOLNG-3681/HK5NCBGXT/,"[{'name': 'Rohner Lab', 'prnProjectId': 'SCI-003201'}]",[]
1,L60549,astMex_2.0,Astyanax mexicanus | cave fish (astMex_2.0),5dpfTINAJA2,Wild Type,poly-A Stranded RNA-Seq,316600,COMPLETED,compare the transcriptomes between surface fish and cavefish using liver samples.,Rohner Lab,MOLNG-3681,cc2673,907,Illumina TruSeq (AD),"[{'label': 'AD005', 'sequence': 'ACAGTG'}]",Illumina TruSeq Style,/n/analysis/Rohner/cc2673/MOLNG-3681/HK5NCBGXT/,"[{'name': 'Rohner Lab', 'prnProjectId': 'SCI-003201'}]",[]
1,L60550,astMex_2.0,Astyanax mexicanus | cave fish (astMex_2.0),5dpfTINAJA3,Wild Type,poly-A Stranded RNA-Seq,316600,COMPLETED,compare the transcriptomes between surface fish and cavefish using liver samples.,Rohner Lab,MOLNG-3681,cc2673,907,Illumina TruSeq (AD),"[{'label': 'AD006', 'sequence': 'GCCAAT'}]",Illumina TruSeq Style,/n/analysis/Rohner/cc2673/MOLNG-3681/HK5NCBGXT/,"[{'name': 'Rohner Lab', 'prnProjectId': 'SCI-003201'}]",[]
1,L60551,astMex_2.0,Astyanax mexicanus | surface fish (astMex_2.0),7dpfFOODSURFACE1,Wild Type,poly-A Stranded RNA-Seq,316600,COMPLETED,compare the transcriptomes between surface fish and cavefish using liver samples.,Rohner Lab,MOLNG-3681,cc2673,907,Illumina TruSeq (AD),"[{'label': 'AD007', 'sequence': 'CAGATC'}]",Illumina TruSeq Style,/n/analysis/Rohner/cc2673/MOLNG-3681/HK5NCBGXT/,"[{'name': 'Rohner Lab', 'prnProjectId': 'SCI-003201'}]",[]
1,L60552,astMex_2.0,Astyanax mexicanus | surface fish (astMex_2.0),7dpfFOODSURFACE2,Wild Type,poly-A Stranded RNA-Seq,316600,COMPLETED,compare the transcriptomes between surface fish and cavefish using liver samples.,Rohner Lab,MOLNG-3681,cc2673,907,Illumina TruSeq (AD),"[{'label': 'AD008', 'sequence': 'ACTTGA'}]",Illumina TruSeq Style,/n/analysis/Rohner/cc2673/MOLNG-3681/HK5NCBGXT/,"[{'name': 'Rohner Lab', 'prnProjectId': 'SCI-003201'}]",[]
1,L60553,astMex_2.0,Astyanax mexicanus | surface fish (astMex_2.0),7dpfFOODSURFACE3,Wild Type,poly-A Stranded RNA-Seq,316600,COMPLETED,compare the transcriptomes between surface fish and cavefish using liver samples.,Rohner Lab,MOLNG-3681,cc2673,907,Illumina TruSeq (AD),"[{'label': 'AD009', 'sequence': 'GATCAG'}]",Illumina TruSeq Style,/n/analysis/Rohner/cc2673/MOLNG-3681/HK5NCBGXT/,"[{'name': 'Rohner Lab', 'prnProjectId': 'SCI-003201'}]",[]
1,L60554,astMex_2.0,Astyanax mexicanus | cave fish (astMex_2.0),7dpfFOODTINAJA1,Wild Type,poly-A Stranded RNA-Seq,316600,COMPLETED,compare the transcriptomes between surface fish and cavefish using liver samples.,Rohner Lab,MOLNG-3681,cc2673,907,Illumina TruSeq (AD),"[{'label': 'AD010', 'sequence': 'TAGCTT'}]",Illumina TruSeq Style,/n/analysis/Rohner/cc2673/MOLNG-3681/HK5NCBGXT/,"[{'name': 'Rohner Lab', 'prnProjectId': 'SCI-003201'}]",[]
1,L60555,astMex_2.0,Astyanax mexicanus | cave fish (astMex_2.0),7dpfFOODTINAJA2,Wild Type,poly-A Stranded RNA-Seq,316600,COMPLETED,compare the transcriptomes between surface fish and cavefish using liver samples.,Rohner Lab,MOLNG-3681,cc2673,907,Illumina TruSeq (AD),"[{'label': 'AD011', 'sequence': 'GGCTAC'}]",Illumina TruSeq Style,/n/analysis/Rohner/cc2673/MOLNG-3681/HK5NCBGXT/,"[{'name': 'Rohner Lab', 'prnProjectId': 'SCI-003201'}]",[]
1,L60556,astMex_2.0,Astyanax mexicanus | cave fish (astMex_2.0),7dpfFOODTINAJA3,Wild Type,poly-A Stranded RNA-Seq,316600,COMPLETED,compare the transcriptomes between surface fish and cavefish using liver samples.,Rohner Lab,MOLNG-3681,cc2673,907,Illumina TruSeq (AD),"[{'label': 'AD012', 'sequence': 'CTTGTA'}]",Illumina TruSeq Style,/n/analysis/Rohner/cc2673/MOLNG-3681/HK5NCBGXT/,"[{'name': 'Rohner Lab', 'prnProjectId': 'SCI-003201'}]",[]
1,L60557,astMex_2.0,Astyanax mexicanus | surface fish (astMex_2.0),7dpfSURFACE1,Wild Type,poly-A Stranded RNA-Seq,316600,COMPLETED,compare the transcriptomes between surface fish and cavefish using liver samples.,Rohner Lab,MOLNG-3681,cc2673,907,Illumina TruSeq (AD),"[{'label': 'AD013', 'sequence': 'AGTCAA'}]",Illumina TruSeq Style,/n/analysis/Rohner/cc2673/MOLNG-3681/HK5NCBGXT/,"[{'name': 'Rohner Lab', 'prnProjectId': 'SCI-003201'}]",[]
1,L60558,astMex_2.0,Astyanax mexicanus | surface fish (astMex_2.0),7dpfSURFACE2,Wild Type,poly-A Stranded RNA-Seq,316600,COMPLETED,compare the transcriptomes between surface fish and cavefish using liver samples.,Rohner Lab,MOLNG-3681,cc2673,907,Illumina TruSeq (AD),"[{'label': 'AD014', 'sequence': 'AGTTCC'}]",Illumina TruSeq Style,/n/analysis/Rohner/cc2673/MOLNG-3681/HK5NCBGXT/,"[{'name': 'Rohner Lab', 'prnProjectId': 'SCI-003201'}]",[]
1,L60559,astMex_2.0,Astyanax mexicanus | surface fish (astMex_2.0),7dpfSURFACE3,Wild Type,poly-A Stranded RNA-Seq,316600,COMPLETED,compare the transcriptomes between surface fish and cavefish using liver samples.,Rohner Lab,MOLNG-3681,cc2673,907,Illumina TruSeq (AD),"[{'label': 'AD015', 'sequence': 'ATGTCA'}]",Illumina TruSeq Style,/n/analysis/Rohner/cc2673/MOLNG-3681/HK5NCBGXT/,"[{'name': 'Rohner Lab', 'prnProjectId': 'SCI-003201'}]",[]
1,L60560,astMex_2.0,Astyanax mexicanus | cave fish (astMex_2.0),7dpfTINAJA1,Wild Type,poly-A Stranded RNA-Seq,316600,COMPLETED,compare the transcriptomes between surface fish and cavefish using liver samples.,Rohner Lab,MOLNG-3681,cc2673,907,Illumina TruSeq (AD),"[{'label': 'AD016', 'sequence': 'CCGTCC'}]",Illumina TruSeq Style,/n/analysis/Rohner/cc2673/MOLNG-3681/HK5NCBGXT/,"[{'name': 'Rohner Lab', 'prnProjectId': 'SCI-003201'}]",[]
1,L60561,astMex_2.0,Astyanax mexicanus | cave fish (astMex_2.0),7dpfTINAJA2,Wild Type,poly-A Stranded RNA-Seq,316600,COMPLETED,compare the transcriptomes between surface fish and cavefish using liver samples.,Rohner Lab,MOLNG-3681,cc2673,907,Illumina TruSeq (AD),"[{'label': 'AD018', 'sequence': 'GTCCGC'}]",Illumina TruSeq Style,/n/analysis/Rohner/cc2673/MOLNG-3681/HK5NCBGXT/,"[{'name': 'Rohner Lab', 'prnProjectId': 'SCI-003201'}]",[]
1,L60562,astMex_2.0,Astyanax mexicanus | cave fish (astMex_2.0),7dpfTINAJA3,Wild Type,poly-A Stranded RNA-Seq,316600,COMPLETED,compare the transcriptomes between surface fish and cavefish using liver samples.,Rohner Lab,MOLNG-3681,cc2673,907,Illumina TruSeq (AD),"[{'label': 'AD019', 'sequence': 'GTGAAA'}]",Illumina TruSeq Style,/n/analysis/Rohner/cc2673/MOLNG-3681/HK5NCBGXT/,"[{'name': 'Rohner Lab', 'prnProjectId': 'SCI-003201'}]",[]
2,L60545,astMex_2.0,Astyanax mexicanus | surface fish (astMex_2.0),5dpfsurface1,Wild Type,poly-A Stranded RNA-Seq,316600,COMPLETED,compare the transcriptomes between surface fish and cavefish using liver samples.,Rohner Lab,MOLNG-3681,cc2673,907,Illumina TruSeq (AD),"[{'label': 'AD001', 'sequence': 'ATCACG'}]",Illumina TruSeq Style,/n/analysis/Rohner/cc2673/MOLNG-3681/HK5NCBGXT/,"[{'name': 'Rohner Lab', 'prnProjectId': 'SCI-003201'}]",[]
2,L60546,astMex_2.0,Astyanax mexicanus | surface fish (astMex_2.0),5dpfsurface2,Wild Type,poly-A Stranded RNA-Seq,316600,COMPLETED,compare the transcriptomes between surface fish and cavefish using liver samples.,Rohner Lab,MOLNG-3681,cc2673,907,Illumina TruSeq (AD),"[{'label': 'AD002', 'sequence': 'CGATGT'}]",Illumina TruSeq Style,/n/analysis/Rohner/cc2673/MOLNG-3681/HK5NCBGXT/,"[{'name': 'Rohner Lab', 'prnProjectId': 'SCI-003201'}]",[]
2,L60547,astMex_2.0,Astyanax mexicanus | surface fish (astMex_2.0),5dpfsurface3,Wild Type,poly-A Stranded RNA-Seq,316600,COMPLETED,compare the transcriptomes between surface fish and cavefish using liver samples.,Rohner Lab,MOLNG-3681,cc2673,907,Illumina TruSeq (AD),"[{'label': 'AD003', 'sequence': 'TTAGGC'}]",Illumina TruSeq Style,/n/analysis/Rohner/cc2673/MOLNG-3681/HK5NCBGXT/,"[{'name': 'Rohner Lab', 'prnProjectId': 'SCI-003201'}]",[]
2,L60548,astMex_2.0,Astyanax mexicanus | cave fish (astMex_2.0),5dpfTINAJA1,Wild Type,poly-A Stranded RNA-Seq,316600,COMPLETED,compare the transcriptomes between surface fish and cavefish using liver samples.,Rohner Lab,MOLNG-3681,cc2673,907,Illumina TruSeq (AD),"[{'label': 'AD004', 'sequence': 'TGACCA'}]",Illumina TruSeq Style,/n/analysis/Rohner/cc2673/MOLNG-3681/HK5NCBGXT/,"[{'name': 'Rohner Lab', 'prnProjectId': 'SCI-003201'}]",[]
2,L60549,astMex_2.0,Astyanax mexicanus | cave fish (astMex_2.0),5dpfTINAJA2,Wild Type,poly-A Stranded RNA-Seq,316600,COMPLETED,compare the transcriptomes between surface fish and cavefish using liver samples.,Rohner Lab,MOLNG-3681,cc2673,907,Illumina TruSeq (AD),"[{'label': 'AD005', 'sequence': 'ACAGTG'}]",Illumina TruSeq Style,/n/analysis/Rohner/cc2673/MOLNG-3681/HK5NCBGXT/,"[{'name': 'Rohner Lab', 'prnProjectId': 'SCI-003201'}]",[]
2,L60550,astMex_2.0,Astyanax mexicanus | cave fish (astMex_2.0),5dpfTINAJA3,Wild Type,poly-A Stranded RNA-Seq,316600,COMPLETED,compare the transcriptomes between surface fish and cavefish using liver samples.,Rohner Lab,MOLNG-3681,cc2673,907,Illumina TruSeq (AD),"[{'label': 'AD006', 'sequence': 'GCCAAT'}]",Illumina TruSeq Style,/n/analysis/Rohner/cc2673/MOLNG-3681/HK5NCBGXT/,"[{'name': 'Rohner Lab', 'prnProjectId': 'SCI-003201'}]",[]
2,L60551,astMex_2.0,Astyanax mexicanus | surface fish (astMex_2.0),7dpfFOODSURFACE1,Wild Type,poly-A Stranded RNA-Seq,316600,COMPLETED,compare the transcriptomes between surface fish and cavefish using liver samples.,Rohner Lab,MOLNG-3681,cc2673,907,Illumina TruSeq (AD),"[{'label': 'AD007', 'sequence': 'CAGATC'}]",Illumina TruSeq Style,/n/analysis/Rohner/cc2673/MOLNG-3681/HK5NCBGXT/,"[{'name': 'Rohner Lab', 'prnProjectId': 'SCI-003201'}]",[]
2,L60552,astMex_2.0,Astyanax mexicanus | surface fish (astMex_2.0),7dpfFOODSURFACE2,Wild Type,poly-A Stranded RNA-Seq,316600,COMPLETED,compare the transcriptomes between surface fish and cavefish using liver samples.,Rohner Lab,MOLNG-3681,cc2673,907,Illumina TruSeq (AD),"[{'label': 'AD008', 'sequence': 'ACTTGA'}]",Illumina TruSeq Style,/n/analysis/Rohner/cc2673/MOLNG-3681/HK5NCBGXT/,"[{'name': 'Rohner Lab', 'prnProjectId': 'SCI-003201'}]",[]
2,L60553,astMex_2.0,Astyanax mexicanus | surface fish (astMex_2.0),7dpfFOODSURFACE3,Wild Type,poly-A Stranded RNA-Seq,316600,COMPLETED,compare the transcriptomes between surface fish and cavefish using liver samples.,Rohner Lab,MOLNG-3681,cc2673,907,Illumina TruSeq (AD),"[{'label': 'AD009', 'sequence': 'GATCAG'}]",Illumina TruSeq Style,/n/analysis/Rohner/cc2673/MOLNG-3681/HK5NCBGXT/,"[{'name': 'Rohner Lab', 'prnProjectId': 'SCI-003201'}]",[]
2,L60554,astMex_2.0,Astyanax mexicanus | cave fish (astMex_2.0),7dpfFOODTINAJA1,Wild Type,poly-A Stranded RNA-Seq,316600,COMPLETED,compare the transcriptomes between surface fish and cavefish using liver samples.,Rohner Lab,MOLNG-3681,cc2673,907,Illumina TruSeq (AD),"[{'label': 'AD010', 'sequence': 'TAGCTT'}]",Illumina TruSeq Style,/n/analysis/Rohner/cc2673/MOLNG-3681/HK5NCBGXT/,"[{'name': 'Rohner Lab', 'prnProjectId': 'SCI-003201'}]",[]
2,L60555,astMex_2.0,Astyanax mexicanus | cave fish (astMex_2.0),7dpfFOODTINAJA2,Wild Type,poly-A Stranded RNA-Seq,316600,COMPLETED,compare the transcriptomes between surface fish and cavefish using liver samples.,Rohner Lab,MOLNG-3681,cc2673,907,Illumina TruSeq (AD),"[{'label': 'AD011', 'sequence': 'GGCTAC'}]",Illumina TruSeq Style,/n/analysis/Rohner/cc2673/MOLNG-3681/HK5NCBGXT/,"[{'name': 'Rohner Lab', 'prnProjectId': 'SCI-003201'}]",[]
2,L60556,astMex_2.0,Astyanax mexicanus | cave fish (astMex_2.0),7dpfFOODTINAJA3,Wild Type,poly-A Stranded RNA-Seq,316600,COMPLETED,compare the transcriptomes between surface fish and cavefish using liver samples.,Rohner Lab,MOLNG-3681,cc2673,907,Illumina TruSeq (AD),"[{'label': 'AD012', 'sequence': 'CTTGTA'}]",Illumina TruSeq Style,/n/analysis/Rohner/cc2673/MOLNG-3681/HK5NCBGXT/,"[{'name': 'Rohner Lab', 'prnProjectId': 'SCI-003201'}]",[]
2,L60557,astMex_2.0,Astyanax mexicanus | surface fish (astMex_2.0),7dpfSURFACE1,Wild Type,poly-A Stranded RNA-Seq,316600,COMPLETED,compare the transcriptomes between surface fish and cavefish using liver samples.,Rohner Lab,MOLNG-3681,cc2673,907,Illumina TruSeq (AD),"[{'label': 'AD013', 'sequence': 'AGTCAA'}]",Illumina TruSeq Style,/n/analysis/Rohner/cc2673/MOLNG-3681/HK5NCBGXT/,"[{'name': 'Rohner Lab', 'prnProjectId': 'SCI-003201'}]",[]
2,L60558,astMex_2.0,Astyanax mexicanus | surface fish (astMex_2.0),7dpfSURFACE2,Wild Type,poly-A Stranded RNA-Seq,316600,COMPLETED,compare the transcriptomes between surface fish and cavefish using liver samples.,Rohner Lab,MOLNG-3681,cc2673,907,Illumina TruSeq (AD),"[{'label': 'AD014', 'sequence': 'AGTTCC'}]",Illumina TruSeq Style,/n/analysis/Rohner/cc2673/MOLNG-3681/HK5NCBGXT/,"[{'name': 'Rohner Lab', 'prnProjectId': 'SCI-003201'}]",[]
2,L60559,astMex_2.0,Astyanax mexicanus | surface fish (astMex_2.0),7dpfSURFACE3,Wild Type,poly-A Stranded RNA-Seq,316600,COMPLETED,compare the transcriptomes between surface fish and cavefish using liver samples.,Rohner Lab,MOLNG-3681,cc2673,907,Illumina TruSeq (AD),"[{'label': 'AD015', 'sequence': 'ATGTCA'}]",Illumina TruSeq Style,/n/analysis/Rohner/cc2673/MOLNG-3681/HK5NCBGXT/,"[{'name': 'Rohner Lab', 'prnProjectId': 'SCI-003201'}]",[]
2,L60560,astMex_2.0,Astyanax mexicanus | cave fish (astMex_2.0),7dpfTINAJA1,Wild Type,poly-A Stranded RNA-Seq,316600,COMPLETED,compare the transcriptomes between surface fish and cavefish using liver samples.,Rohner Lab,MOLNG-3681,cc2673,907,Illumina TruSeq (AD),"[{'label': 'AD016', 'sequence': 'CCGTCC'}]",Illumina TruSeq Style,/n/analysis/Rohner/cc2673/MOLNG-3681/HK5NCBGXT/,"[{'name': 'Rohner Lab', 'prnProjectId': 'SCI-003201'}]",[]
2,L60561,astMex_2.0,Astyanax mexicanus | cave fish (astMex_2.0),7dpfTINAJA2,Wild Type,poly-A Stranded RNA-Seq,316600,COMPLETED,compare the transcriptomes between surface fish and cavefish using liver samples.,Rohner Lab,MOLNG-3681,cc2673,907,Illumina TruSeq (AD),"[{'label': 'AD018', 'sequence': 'GTCCGC'}]",Illumina TruSeq Style,/n/analysis/Rohner/cc2673/MOLNG-3681/HK5NCBGXT/,"[{'name': 'Rohner Lab', 'prnProjectId': 'SCI-003201'}]",[]
2,L60562,astMex_2.0,Astyanax mexicanus | cave fish (astMex_2.0),7dpfTINAJA3,Wild Type,poly-A Stranded RNA-Seq,316600,COMPLETED,compare the transcriptomes between surface fish and cavefish using liver samples.,Rohner Lab,MOLNG-3681,cc2673,907,Illumina TruSeq (AD),"[{'label': 'AD019', 'sequence': 'GTGAAA'}]",Illumina TruSeq Style,/n/analysis/Rohner/cc2673/MOLNG-3681/HK5NCBGXT/,"[{'name': 'Rohner Lab', 'prnProjectId': 'SCI-003201'}]",[]
3,L60545,astMex_2.0,Astyanax mexicanus | surface fish (astMex_2.0),5dpfsurface1,Wild Type,poly-A Stranded RNA-Seq,316600,COMPLETED,compare the transcriptomes between surface fish and cavefish using liver samples.,Rohner Lab,MOLNG-3681,cc2673,907,Illumina TruSeq (AD),"[{'label': 'AD001', 'sequence': 'ATCACG'}]",Illumina TruSeq Style,/n/analysis/Rohner/cc2673/MOLNG-3681/HK5NCBGXT/,"[{'name': 'Rohner Lab', 'prnProjectId': 'SCI-003201'}]",[]
3,L60546,astMex_2.0,Astyanax mexicanus | surface fish (astMex_2.0),5dpfsurface2,Wild Type,poly-A Stranded RNA-Seq,316600,COMPLETED,compare the transcriptomes between surface fish and cavefish using liver samples.,Rohner Lab,MOLNG-3681,cc2673,907,Illumina TruSeq (AD),"[{'label': 'AD002', 'sequence': 'CGATGT'}]",Illumina TruSeq Style,/n/analysis/Rohner/cc2673/MOLNG-3681/HK5NCBGXT/,"[{'name': 'Rohner Lab', 'prnProjectId': 'SCI-003201'}]",[]
3,L60547,astMex_2.0,Astyanax mexicanus | surface fish (astMex_2.0),5dpfsurface3,Wild Type,poly-A Stranded RNA-Seq,316600,COMPLETED,compare the transcriptomes between surface fish and cavefish using liver samples.,Rohner Lab,MOLNG-3681,cc2673,907,Illumina TruSeq (AD),"[{'label': 'AD003', 'sequence': 'TTAGGC'}]",Illumina TruSeq Style,/n/analysis/Rohner/cc2673/MOLNG-3681/HK5NCBGXT/,"[{'name': 'Rohner Lab', 'prnProjectId': 'SCI-003201'}]",[]
3,L60548,astMex_2.0,Astyanax mexicanus | cave fish (astMex_2.0),5dpfTINAJA1,Wild Type,poly-A Stranded RNA-Seq,316600,COMPLETED,compare the transcriptomes between surface fish and cavefish using liver samples.,Rohner Lab,MOLNG-3681,cc2673,907,Illumina TruSeq (AD),"[{'label': 'AD004', 'sequence': 'TGACCA'}]",Illumina TruSeq Style,/n/analysis/Rohner/cc2673/MOLNG-3681/HK5NCBGXT/,"[{'name': 'Rohner Lab', 'prnProjectId': 'SCI-003201'}]",[]
3,L60549,astMex_2.0,Astyanax mexicanus | cave fish (astMex_2.0),5dpfTINAJA2,Wild Type,poly-A Stranded RNA-Seq,316600,COMPLETED,compare the transcriptomes between surface fish and cavefish using liver samples.,Rohner Lab,MOLNG-3681,cc2673,907,Illumina TruSeq (AD),"[{'label': 'AD005', 'sequence': 'ACAGTG'}]",Illumina TruSeq Style,/n/analysis/Rohner/cc2673/MOLNG-3681/HK5NCBGXT/,"[{'name': 'Rohner Lab', 'prnProjectId': 'SCI-003201'}]",[]
3,L60550,astMex_2.0,Astyanax mexicanus | cave fish (astMex_2.0),5dpfTINAJA3,Wild Type,poly-A Stranded RNA-Seq,316600,COMPLETED,compare the transcriptomes between surface fish and cavefish using liver samples.,Rohner Lab,MOLNG-3681,cc2673,907,Illumina TruSeq (AD),"[{'label': 'AD006', 'sequence': 'GCCAAT'}]",Illumina TruSeq Style,/n/analysis/Rohner/cc2673/MOLNG-3681/HK5NCBGXT/,"[{'name': 'Rohner Lab', 'prnProjectId': 'SCI-003201'}]",[]
3,L60551,astMex_2.0,Astyanax mexicanus | surface fish (astMex_2.0),7dpfFOODSURFACE1,Wild Type,poly-A Stranded RNA-Seq,316600,COMPLETED,compare the transcriptomes between surface fish and cavefish using liver samples.,Rohner Lab,MOLNG-3681,cc2673,907,Illumina TruSeq (AD),"[{'label': 'AD007', 'sequence': 'CAGATC'}]",Illumina TruSeq Style,/n/analysis/Rohner/cc2673/MOLNG-3681/HK5NCBGXT/,"[{'name': 'Rohner Lab', 'prnProjectId': 'SCI-003201'}]",[]
3,L60552,astMex_2.0,Astyanax mexicanus | surface fish (astMex_2.0),7dpfFOODSURFACE2,Wild Type,poly-A Stranded RNA-Seq,316600,COMPLETED,compare the transcriptomes between surface fish and cavefish using liver samples.,Rohner Lab,MOLNG-3681,cc2673,907,Illumina TruSeq (AD),"[{'label': 'AD008', 'sequence': 'ACTTGA'}]",Illumina TruSeq Style,/n/analysis/Rohner/cc2673/MOLNG-3681/HK5NCBGXT/,"[{'name': 'Rohner Lab', 'prnProjectId': 'SCI-003201'}]",[]
3,L60553,astMex_2.0,Astyanax mexicanus | surface fish (astMex_2.0),7dpfFOODSURFACE3,Wild Type,poly-A Stranded RNA-Seq,316600,COMPLETED,compare the transcriptomes between surface fish and cavefish using liver samples.,Rohner Lab,MOLNG-3681,cc2673,907,Illumina TruSeq (AD),"[{'label': 'AD009', 'sequence': 'GATCAG'}]",Illumina TruSeq Style,/n/analysis/Rohner/cc2673/MOLNG-3681/HK5NCBGXT/,"[{'name': 'Rohner Lab', 'prnProjectId': 'SCI-003201'}]",[]
3,L60554,astMex_2.0,Astyanax mexicanus | cave fish (astMex_2.0),7dpfFOODTINAJA1,Wild Type,poly-A Stranded RNA-Seq,316600,COMPLETED,compare the transcriptomes between surface fish and cavefish using liver samples.,Rohner Lab,MOLNG-3681,cc2673,907,Illumina TruSeq (AD),"[{'label': 'AD010', 'sequence': 'TAGCTT'}]",Illumina TruSeq Style,/n/analysis/Rohner/cc2673/MOLNG-3681/HK5NCBGXT/,"[{'name': 'Rohner Lab', 'prnProjectId': 'SCI-003201'}]",[]
3,L60555,astMex_2.0,Astyanax mexicanus | cave fish (astMex_2.0),7dpfFOODTINAJA2,Wild Type,poly-A Stranded RNA-Seq,316600,COMPLETED,compare the transcriptomes between surface fish and cavefish using liver samples.,Rohner Lab,MOLNG-3681,cc2673,907,Illumina TruSeq (AD),"[{'label': 'AD011', 'sequence': 'GGCTAC'}]",Illumina TruSeq Style,/n/analysis/Rohner/cc2673/MOLNG-3681/HK5NCBGXT/,"[{'name': 'Rohner Lab', 'prnProjectId': 'SCI-003201'}]",[]
3,L60556,astMex_2.0,Astyanax mexicanus | cave fish (astMex_2.0),7dpfFOODTINAJA3,Wild Type,poly-A Stranded RNA-Seq,316600,COMPLETED,compare the transcriptomes between surface fish and cavefish using liver samples.,Rohner Lab,MOLNG-3681,cc2673,907,Illumina TruSeq (AD),"[{'label': 'AD012', 'sequence': 'CTTGTA'}]",Illumina TruSeq Style,/n/analysis/Rohner/cc2673/MOLNG-3681/HK5NCBGXT/,"[{'name': 'Rohner Lab', 'prnProjectId': 'SCI-003201'}]",[]
3,L60557,astMex_2.0,Astyanax mexicanus | surface fish (astMex_2.0),7dpfSURFACE1,Wild Type,poly-A Stranded RNA-Seq,316600,COMPLETED,compare the transcriptomes between surface fish and cavefish using liver samples.,Rohner Lab,MOLNG-3681,cc2673,907,Illumina TruSeq (AD),"[{'label': 'AD013', 'sequence': 'AGTCAA'}]",Illumina TruSeq Style,/n/analysis/Rohner/cc2673/MOLNG-3681/HK5NCBGXT/,"[{'name': 'Rohner Lab', 'prnProjectId': 'SCI-003201'}]",[]
3,L60558,astMex_2.0,Astyanax mexicanus | surface fish (astMex_2.0),7dpfSURFACE2,Wild Type,poly-A Stranded RNA-Seq,316600,COMPLETED,compare the transcriptomes between surface fish and cavefish using liver samples.,Rohner Lab,MOLNG-3681,cc2673,907,Illumina TruSeq (AD),"[{'label': 'AD014', 'sequence': 'AGTTCC'}]",Illumina TruSeq Style,/n/analysis/Rohner/cc2673/MOLNG-3681/HK5NCBGXT/,"[{'name': 'Rohner Lab', 'prnProjectId': 'SCI-003201'}]",[]
3,L60559,astMex_2.0,Astyanax mexicanus | surface fish (astMex_2.0),7dpfSURFACE3,Wild Type,poly-A Stranded RNA-Seq,316600,COMPLETED,compare the transcriptomes between surface fish and cavefish using liver samples.,Rohner Lab,MOLNG-3681,cc2673,907,Illumina TruSeq (AD),"[{'label': 'AD015', 'sequence': 'ATGTCA'}]",Illumina TruSeq Style,/n/analysis/Rohner/cc2673/MOLNG-3681/HK5NCBGXT/,"[{'name': 'Rohner Lab', 'prnProjectId': 'SCI-003201'}]",[]
3,L60560,astMex_2.0,Astyanax mexicanus | cave fish (astMex_2.0),7dpfTINAJA1,Wild Type,poly-A Stranded RNA-Seq,316600,COMPLETED,compare the transcriptomes between surface fish and cavefish using liver samples.,Rohner Lab,MOLNG-3681,cc2673,907,Illumina TruSeq (AD),"[{'label': 'AD016', 'sequence': 'CCGTCC'}]",Illumina TruSeq Style,/n/analysis/Rohner/cc2673/MOLNG-3681/HK5NCBGXT/,"[{'name': 'Rohner Lab', 'prnProjectId': 'SCI-003201'}]",[]
3,L60561,astMex_2.0,Astyanax mexicanus | cave fish (astMex_2.0),7dpfTINAJA2,Wild Type,poly-A Stranded RNA-Seq,316600,COMPLETED,compare the transcriptomes between surface fish and cavefish using liver samples.,Rohner Lab,MOLNG-3681,cc2673,907,Illumina TruSeq (AD),"[{'label': 'AD018', 'sequence': 'GTCCGC'}]",Illumina TruSeq Style,/n/analysis/Rohner/cc2673/MOLNG-3681/HK5NCBGXT/,"[{'name': 'Rohner Lab', 'prnProjectId': 'SCI-003201'}]",[]
3,L60562,astMex_2.0,Astyanax mexicanus | cave fish (astMex_2.0),7dpfTINAJA3,Wild Type,poly-A Stranded RNA-Seq,316600,COMPLETED,compare the transcriptomes between surface fish and cavefish using liver samples.,Rohner Lab,MOLNG-3681,cc2673,907,Illumina TruSeq (AD),"[{'label': 'AD019', 'sequence': 'GTGAAA'}]",Illumina TruSeq Style,/n/analysis/Rohner/cc2673/MOLNG-3681/HK5NCBGXT/,"[{'name': 'Rohner Lab', 'prnProjectId': 'SCI-003201'}]",[]
4,L60545,astMex_2.0,Astyanax mexicanus | surface fish (astMex_2.0),5dpfsurface1,Wild Type,poly-A Stranded RNA-Seq,316600,COMPLETED,compare the transcriptomes between surface fish and cavefish using liver samples.,Rohner Lab,MOLNG-3681,cc2673,907,Illumina TruSeq (AD),"[{'label': 'AD001', 'sequence': 'ATCACG'}]",Illumina TruSeq Style,/n/analysis/Rohner/cc2673/MOLNG-3681/HK5NCBGXT/,"[{'name': 'Rohner Lab', 'prnProjectId': 'SCI-003201'}]",[]
4,L60546,astMex_2.0,Astyanax mexicanus | surface fish (astMex_2.0),5dpfsurface2,Wild Type,poly-A Stranded RNA-Seq,316600,COMPLETED,compare the transcriptomes between surface fish and cavefish using liver samples.,Rohner Lab,MOLNG-3681,cc2673,907,Illumina TruSeq (AD),"[{'label': 'AD002', 'sequence': 'CGATGT'}]",Illumina TruSeq Style,/n/analysis/Rohner/cc2673/MOLNG-3681/HK5NCBGXT/,"[{'name': 'Rohner Lab', 'prnProjectId': 'SCI-003201'}]",[]
4,L60547,astMex_2.0,Astyanax mexicanus | surface fish (astMex_2.0),5dpfsurface3,Wild Type,poly-A Stranded RNA-Seq,316600,COMPLETED,compare the transcriptomes between surface fish and cavefish using liver samples.,Rohner Lab,MOLNG-3681,cc2673,907,Illumina TruSeq (AD),"[{'label': 'AD003', 'sequence': 'TTAGGC'}]",Illumina TruSeq Style,/n/analysis/Rohner/cc2673/MOLNG-3681/HK5NCBGXT/,"[{'name': 'Rohner Lab', 'prnProjectId': 'SCI-003201'}]",[]
4,L60548,astMex_2.0,Astyanax mexicanus | cave fish (astMex_2.0),5dpfTINAJA1,Wild Type,poly-A Stranded RNA-Seq,316600,COMPLETED,compare the transcriptomes between surface fish and cavefish using liver samples.,Rohner Lab,MOLNG-3681,cc2673,907,Illumina TruSeq (AD),"[{'label': 'AD004', 'sequence': 'TGACCA'}]",Illumina TruSeq Style,/n/analysis/Rohner/cc2673/MOLNG-3681/HK5NCBGXT/,"[{'name': 'Rohner Lab', 'prnProjectId': 'SCI-003201'}]",[]
4,L60549,astMex_2.0,Astyanax mexicanus | cave fish (astMex_2.0),5dpfTINAJA2,Wild Type,poly-A Stranded RNA-Seq,316600,COMPLETED,compare the transcriptomes between surface fish and cavefish using liver samples.,Rohner Lab,MOLNG-3681,cc2673,907,Illumina TruSeq (AD),"[{'label': 'AD005', 'sequence': 'ACAGTG'}]",Illumina TruSeq Style,/n/analysis/Rohner/cc2673/MOLNG-3681/HK5NCBGXT/,"[{'name': 'Rohner Lab', 'prnProjectId': 'SCI-003201'}]",[]
4,L60550,astMex_2.0,Astyanax mexicanus | cave fish (astMex_2.0),5dpfTINAJA3,Wild Type,poly-A Stranded RNA-Seq,316600,COMPLETED,compare the transcriptomes between surface fish and cavefish using liver samples.,Rohner Lab,MOLNG-3681,cc2673,907,Illumina TruSeq (AD),"[{'label': 'AD006', 'sequence': 'GCCAAT'}]",Illumina TruSeq Style,/n/analysis/Rohner/cc2673/MOLNG-3681/HK5NCBGXT/,"[{'name': 'Rohner Lab', 'prnProjectId': 'SCI-003201'}]",[]
4,L60551,astMex_2.0,Astyanax mexicanus | surface fish (astMex_2.0),7dpfFOODSURFACE1,Wild Type,poly-A Stranded RNA-Seq,316600,COMPLETED,compare the transcriptomes between surface fish and cavefish using liver samples.,Rohner Lab,MOLNG-3681,cc2673,907,Illumina TruSeq (AD),"[{'label': 'AD007', 'sequence': 'CAGATC'}]",Illumina TruSeq Style,/n/analysis/Rohner/cc2673/MOLNG-3681/HK5NCBGXT/,"[{'name': 'Rohner Lab', 'prnProjectId': 'SCI-003201'}]",[]
4,L60552,astMex_2.0,Astyanax mexicanus | surface fish (astMex_2.0),7dpfFOODSURFACE2,Wild Type,poly-A Stranded RNA-Seq,316600,COMPLETED,compare the transcriptomes between surface fish and cavefish using liver samples.,Rohner Lab,MOLNG-3681,cc2673,907,Illumina TruSeq (AD),"[{'label': 'AD008', 'sequence': 'ACTTGA'}]",Illumina TruSeq Style,/n/analysis/Rohner/cc2673/MOLNG-3681/HK5NCBGXT/,"[{'name': 'Rohner Lab', 'prnProjectId': 'SCI-003201'}]",[]
4,L60553,astMex_2.0,Astyanax mexicanus | surface fish (astMex_2.0),7dpfFOODSURFACE3,Wild Type,poly-A Stranded RNA-Seq,316600,COMPLETED,compare the transcriptomes between surface fish and cavefish using liver samples.,Rohner Lab,MOLNG-3681,cc2673,907,Illumina TruSeq (AD),"[{'label': 'AD009', 'sequence': 'GATCAG'}]",Illumina TruSeq Style,/n/analysis/Rohner/cc2673/MOLNG-3681/HK5NCBGXT/,"[{'name': 'Rohner Lab', 'prnProjectId': 'SCI-003201'}]",[]
4,L60554,astMex_2.0,Astyanax mexicanus | cave fish (astMex_2.0),7dpfFOODTINAJA1,Wild Type,poly-A Stranded RNA-Seq,316600,COMPLETED,compare the transcriptomes between surface fish and cavefish using liver samples.,Rohner Lab,MOLNG-3681,cc2673,907,Illumina TruSeq (AD),"[{'label': 'AD010', 'sequence': 'TAGCTT'}]",Illumina TruSeq Style,/n/analysis/Rohner/cc2673/MOLNG-3681/HK5NCBGXT/,"[{'name': 'Rohner Lab', 'prnProjectId': 'SCI-003201'}]",[]
4,L60555,astMex_2.0,Astyanax mexicanus | cave fish (astMex_2.0),7dpfFOODTINAJA2,Wild Type,poly-A Stranded RNA-Seq,316600,COMPLETED,compare the transcriptomes between surface fish and cavefish using liver samples.,Rohner Lab,MOLNG-3681,cc2673,907,Illumina TruSeq (AD),"[{'label': 'AD011', 'sequence': 'GGCTAC'}]",Illumina TruSeq Style,/n/analysis/Rohner/cc2673/MOLNG-3681/HK5NCBGXT/,"[{'name': 'Rohner Lab', 'prnProjectId': 'SCI-003201'}]",[]
4,L60556,astMex_2.0,Astyanax mexicanus | cave fish (astMex_2.0),7dpfFOODTINAJA3,Wild Type,poly-A Stranded RNA-Seq,316600,COMPLETED,compare the transcriptomes between surface fish and cavefish using liver samples.,Rohner Lab,MOLNG-3681,cc2673,907,Illumina TruSeq (AD),"[{'label': 'AD012', 'sequence': 'CTTGTA'}]",Illumina TruSeq Style,/n/analysis/Rohner/cc2673/MOLNG-3681/HK5NCBGXT/,"[{'name': 'Rohner Lab', 'prnProjectId': 'SCI-003201'}]",[]
4,L60557,astMex_2.0,Astyanax mexicanus | surface fish (astMex_2.0),7dpfSURFACE1,Wild Type,poly-A Stranded RNA-Seq,316600,COMPLETED,compare the transcriptomes between surface fish and cavefish using liver samples.,Rohner Lab,MOLNG-3681,cc2673,907,Illumina TruSeq (AD),"[{'label': 'AD013', 'sequence': 'AGTCAA'}]",Illumina TruSeq Style,/n/analysis/Rohner/cc2673/MOLNG-3681/HK5NCBGXT/,"[{'name': 'Rohner Lab', 'prnProjectId': 'SCI-003201'}]",[]
4,L60558,astMex_2.0,Astyanax mexicanus | surface fish (astMex_2.0),7dpfSURFACE2,Wild Type,poly-A Stranded RNA-Seq,316600,COMPLETED,compare the transcriptomes between surface fish and cavefish using liver samples.,Rohner Lab,MOLNG-3681,cc2673,907,Illumina TruSeq (AD),"[{'label': 'AD014', 'sequence': 'AGTTCC'}]",Illumina TruSeq Style,/n/analysis/Rohner/cc2673/MOLNG-3681/HK5NCBGXT/,"[{'name': 'Rohner Lab', 'prnProjectId': 'SCI-003201'}]",[]
4,L60559,astMex_2.0,Astyanax mexicanus | surface fish (astMex_2.0),7dpfSURFACE3,Wild Type,poly-A Stranded RNA-Seq,316600,COMPLETED,compare the transcriptomes between surface fish and cavefish using liver samples.,Rohner Lab,MOLNG-3681,cc2673,907,Illumina TruSeq (AD),"[{'label': 'AD015', 'sequence': 'ATGTCA'}]",Illumina TruSeq Style,/n/analysis/Rohner/cc2673/MOLNG-3681/HK5NCBGXT/,"[{'name': 'Rohner Lab', 'prnProjectId': 'SCI-003201'}]",[]
4,L60560,astMex_2.0,Astyanax mexicanus | cave fish (astMex_2.0),7dpfTINAJA1,Wild Type,poly-A Stranded RNA-Seq,316600,COMPLETED,compare the transcriptomes between surface fish and cavefish using liver samples.,Rohner Lab,MOLNG-3681,cc2673,907,Illumina TruSeq (AD),"[{'label': 'AD016', 'sequence': 'CCGTCC'}]",Illumina TruSeq Style,/n/analysis/Rohner/cc2673/MOLNG-3681/HK5NCBGXT/,"[{'name': 'Rohner Lab', 'prnProjectId': 'SCI-003201'}]",[]
4,L60561,astMex_2.0,Astyanax mexicanus | cave fish (astMex_2.0),7dpfTINAJA2,Wild Type,poly-A Stranded RNA-Seq,316600,COMPLETED,compare the transcriptomes between surface fish and cavefish using liver samples.,Rohner Lab,MOLNG-3681,cc2673,907,Illumina TruSeq (AD),"[{'label': 'AD018', 'sequence': 'GTCCGC'}]",Illumina TruSeq Style,/n/analysis/Rohner/cc2673/MOLNG-3681/HK5NCBGXT/,"[{'name': 'Rohner Lab', 'prnProjectId': 'SCI-003201'}]",[]
4,L60562,astMex_2.0,Astyanax mexicanus | cave fish (astMex_2.0),7dpfTINAJA3,Wild Type,poly-A Stranded RNA-Seq,316600,COMPLETED,compare the transcriptomes between surface fish and cavefish using liver samples.,Rohner Lab,MOLNG-3681,cc2673,907,Illumina TruSeq (AD),"[{'label': 'AD019', 'sequence': 'GTGAAA'}]",Illumina TruSeq Style,/n/analysis/Rohner/cc2673/MOLNG-3681/HK5NCBGXT/,"[{'name': 'Rohner Lab', 'prnProjectId': 'SCI-003201'}]",[]
