Output,Order,OrderType,Lane,SampleName,LibraryID,IndexSequence1,IndexSequence2,Read,Reference,Lab,TotalReads,AlignPercent,Type,ReadLength
n_1_1_ATCACG.fastq.gz,MOLNG-3681,poly-A Stranded RNA-Seq,1,5dpfsurface1,L60545,ATCACG,None,1,astMex_2.0,Rohner Lab,5500251,80.44,Single Read,76
n_1_1_CGATGT.fastq.gz,MOLNG-3681,poly-A Stranded RNA-Seq,1,5dpfsurface2,L60546,CGATGT,None,1,astMex_2.0,Rohner Lab,6198851,81.43,Single Read,76
n_1_1_TTAGGC.fastq.gz,MOLNG-3681,poly-A Stranded RNA-Seq,1,5dpfsurface3,L60547,TTAGGC,None,1,astMex_2.0,Rohner Lab,5587104,80.07,Single Read,76
n_1_1_TGACCA.fastq.gz,MOLNG-3681,poly-A Stranded RNA-Seq,1,5dpfTINAJA1,L60548,TGACCA,None,1,astMex_2.0,Rohner Lab,8255750,80.55,Single Read,76
n_1_1_ACAGTG.fastq.gz,MOLNG-3681,poly-A Stranded RNA-Seq,1,5dpfTINAJA2,L60549,ACAGTG,None,1,astMex_2.0,Rohner Lab,7761964,80.36,Single Read,76
n_1_1_GCCAAT.fastq.gz,MOLNG-3681,poly-A Stranded RNA-Seq,1,5dpfTINAJA3,L60550,GCCAAT,None,1,astMex_2.0,Rohner Lab,6576504,81.3,Single Read,76
n_1_1_CAGATC.fastq.gz,MOLNG-3681,poly-A Stranded RNA-Seq,1,7dpfFOODSURFACE1,L60551,CAGATC,None,1,astMex_2.0,Rohner Lab,7301031,80.14,Single Read,76
n_1_1_ACTTGA.fastq.gz,MOLNG-3681,poly-A Stranded RNA-Seq,1,7dpfFOODSURFACE2,L60552,ACTTGA,None,1,astMex_2.0,Rohner Lab,6400761,79.55,Single Read,76
n_1_1_GATCAG.fastq.gz,MOLNG-3681,poly-A Stranded RNA-Seq,1,7dpfFOODSURFACE3,L60553,GATCAG,None,1,astMex_2.0,Rohner Lab,6170443,81.09,Single Read,76
n_1_1_TAGCTT.fastq.gz,MOLNG-3681,poly-A Stranded RNA-Seq,1,7dpfFOODTINAJA1,L60554,TAGCTT,None,1,astMex_2.0,Rohner Lab,6598052,76.03,Single Read,76
n_1_1_GGCTAC.fastq.gz,MOLNG-3681,poly-A Stranded RNA-Seq,1,7dpfFOODTINAJA2,L60555,GGCTAC,None,1,astMex_2.0,Rohner Lab,5907159,79.36,Single Read,76
n_1_1_CTTGTA.fastq.gz,MOLNG-3681,poly-A Stranded RNA-Seq,1,7dpfFOODTINAJA3,L60556,CTTGTA,None,1,astMex_2.0,Rohner Lab,6261496,79.69,Single Read,76
n_1_1_AGTCAA.fastq.gz,MOLNG-3681,poly-A Stranded RNA-Seq,1,7dpfSURFACE1,L60557,AGTCAA,None,1,astMex_2.0,Rohner Lab,9177800,81.12,Single Read,76
n_1_1_AGTTCC.fastq.gz,MOLNG-3681,poly-A Stranded RNA-Seq,1,7dpfSURFACE2,L60558,AGTTCC,None,1,astMex_2.0,Rohner Lab,6985155,80.16,Single Read,76
n_1_1_ATGTCA.fastq.gz,MOLNG-3681,poly-A Stranded RNA-Seq,1,7dpfSURFACE3,L60559,ATGTCA,None,1,astMex_2.0,Rohner Lab,7181532,80.34,Single Read,76
n_1_1_CCGTCC.fastq.gz,MOLNG-3681,poly-A Stranded RNA-Seq,1,7dpfTINAJA1,L60560,CCGTCC,None,1,astMex_2.0,Rohner Lab,8341277,79.93,Single Read,76
n_1_1_GTCCGC.fastq.gz,MOLNG-3681,poly-A Stranded RNA-Seq,1,7dpfTINAJA2,L60561,GTCCGC,None,1,astMex_2.0,Rohner Lab,6002922,79.45,Single Read,76
n_1_1_GTGAAA.fastq.gz,MOLNG-3681,poly-A Stranded RNA-Seq,1,7dpfTINAJA3,L60562,GTGAAA,None,1,astMex_2.0,Rohner Lab,5667979,79.94,Single Read,76
n_2_1_ATCACG.fastq.gz,MOLNG-3681,poly-A Stranded RNA-Seq,2,5dpfsurface1,L60545,ATCACG,None,1,astMex_2.0,Rohner Lab,5445678,80.47,Single Read,76
n_2_1_CGATGT.fastq.gz,MOLNG-3681,poly-A Stranded RNA-Seq,2,5dpfsurface2,L60546,CGATGT,None,1,astMex_2.0,Rohner Lab,6160398,81.42,Single Read,76
n_2_1_TTAGGC.fastq.gz,MOLNG-3681,poly-A Stranded RNA-Seq,2,5dpfsurface3,L60547,TTAGGC,None,1,astMex_2.0,Rohner Lab,5510275,80.13,Single Read,76
n_2_1_TGACCA.fastq.gz,MOLNG-3681,poly-A Stranded RNA-Seq,2,5dpfTINAJA1,L60548,TGACCA,None,1,astMex_2.0,Rohner Lab,8201438,80.54,Single Read,76
n_2_1_ACAGTG.fastq.gz,MOLNG-3681,poly-A Stranded RNA-Seq,2,5dpfTINAJA2,L60549,ACAGTG,None,1,astMex_2.0,Rohner Lab,7710603,80.38,Single Read,76
n_2_1_GCCAAT.fastq.gz,MOLNG-3681,poly-A Stranded RNA-Seq,2,5dpfTINAJA3,L60550,GCCAAT,None,1,astMex_2.0,Rohner Lab,6527776,81.33,Single Read,76
n_2_1_CAGATC.fastq.gz,MOLNG-3681,poly-A Stranded RNA-Seq,2,7dpfFOODSURFACE1,L60551,CAGATC,None,1,astMex_2.0,Rohner Lab,7248326,80.21,Single Read,76
n_2_1_ACTTGA.fastq.gz,MOLNG-3681,poly-A Stranded RNA-Seq,2,7dpfFOODSURFACE2,L60552,ACTTGA,None,1,astMex_2.0,Rohner Lab,6365455,79.53,Single Read,76
n_2_1_GATCAG.fastq.gz,MOLNG-3681,poly-A Stranded RNA-Seq,2,7dpfFOODSURFACE3,L60553,GATCAG,None,1,astMex_2.0,Rohner Lab,6134376,81.14,Single Read,76
n_2_1_TAGCTT.fastq.gz,MOLNG-3681,poly-A Stranded RNA-Seq,2,7dpfFOODTINAJA1,L60554,TAGCTT,None,1,astMex_2.0,Rohner Lab,6555753,76.04,Single Read,76
n_2_1_GGCTAC.fastq.gz,MOLNG-3681,poly-A Stranded RNA-Seq,2,7dpfFOODTINAJA2,L60555,GGCTAC,None,1,astMex_2.0,Rohner Lab,5821504,79.39,Single Read,76
n_2_1_CTTGTA.fastq.gz,MOLNG-3681,poly-A Stranded RNA-Seq,2,7dpfFOODTINAJA3,L60556,CTTGTA,None,1,astMex_2.0,Rohner Lab,6223715,79.72,Single Read,76
n_2_1_AGTCAA.fastq.gz,MOLNG-3681,poly-A Stranded RNA-Seq,2,7dpfSURFACE1,L60557,AGTCAA,None,1,astMex_2.0,Rohner Lab,9112815,81.1,Single Read,76
n_2_1_AGTTCC.fastq.gz,MOLNG-3681,poly-A Stranded RNA-Seq,2,7dpfSURFACE2,L60558,AGTTCC,None,1,astMex_2.0,Rohner Lab,6954991,80.18,Single Read,76
n_2_1_ATGTCA.fastq.gz,MOLNG-3681,poly-A Stranded RNA-Seq,2,7dpfSURFACE3,L60559,ATGTCA,None,1,astMex_2.0,Rohner Lab,7138446,80.36,Single Read,76
n_2_1_CCGTCC.fastq.gz,MOLNG-3681,poly-A Stranded RNA-Seq,2,7dpfTINAJA1,L60560,CCGTCC,None,1,astMex_2.0,Rohner Lab,8307661,79.92,Single Read,76
n_2_1_GTCCGC.fastq.gz,MOLNG-3681,poly-A Stranded RNA-Seq,2,7dpfTINAJA2,L60561,GTCCGC,None,1,astMex_2.0,Rohner Lab,5967468,79.46,Single Read,76
n_2_1_GTGAAA.fastq.gz,MOLNG-3681,poly-A Stranded RNA-Seq,2,7dpfTINAJA3,L60562,GTGAAA,None,1,astMex_2.0,Rohner Lab,5620075,79.96,Single Read,76
n_3_1_ATCACG.fastq.gz,MOLNG-3681,poly-A Stranded RNA-Seq,3,5dpfsurface1,L60545,ATCACG,None,1,astMex_2.0,Rohner Lab,5450043,80.43,Single Read,76
n_3_1_CGATGT.fastq.gz,MOLNG-3681,poly-A Stranded RNA-Seq,3,5dpfsurface2,L60546,CGATGT,None,1,astMex_2.0,Rohner Lab,6149968,81.43,Single Read,76
n_3_1_TTAGGC.fastq.gz,MOLNG-3681,poly-A Stranded RNA-Seq,3,5dpfsurface3,L60547,TTAGGC,None,1,astMex_2.0,Rohner Lab,5521149,80.08,Single Read,76
n_3_1_TGACCA.fastq.gz,MOLNG-3681,poly-A Stranded RNA-Seq,3,5dpfTINAJA1,L60548,TGACCA,None,1,astMex_2.0,Rohner Lab,8199347,80.5,Single Read,76
n_3_1_ACAGTG.fastq.gz,MOLNG-3681,poly-A Stranded RNA-Seq,3,5dpfTINAJA2,L60549,ACAGTG,None,1,astMex_2.0,Rohner Lab,7693518,80.33,Single Read,76
n_3_1_GCCAAT.fastq.gz,MOLNG-3681,poly-A Stranded RNA-Seq,3,5dpfTINAJA3,L60550,GCCAAT,None,1,astMex_2.0,Rohner Lab,6520795,81.29,Single Read,76
n_3_1_CAGATC.fastq.gz,MOLNG-3681,poly-A Stranded RNA-Seq,3,7dpfFOODSURFACE1,L60551,CAGATC,None,1,astMex_2.0,Rohner Lab,7251568,80.16,Single Read,76
n_3_1_ACTTGA.fastq.gz,MOLNG-3681,poly-A Stranded RNA-Seq,3,7dpfFOODSURFACE2,L60552,ACTTGA,None,1,astMex_2.0,Rohner Lab,6337960,79.53,Single Read,76
n_3_1_GATCAG.fastq.gz,MOLNG-3681,poly-A Stranded RNA-Seq,3,7dpfFOODSURFACE3,L60553,GATCAG,None,1,astMex_2.0,Rohner Lab,6133468,81.09,Single Read,76
n_3_1_TAGCTT.fastq.gz,MOLNG-3681,poly-A Stranded RNA-Seq,3,7dpfFOODTINAJA1,L60554,TAGCTT,None,1,astMex_2.0,Rohner Lab,6553216,76.0,Single Read,76
n_3_1_GGCTAC.fastq.gz,MOLNG-3681,poly-A Stranded RNA-Seq,3,7dpfFOODTINAJA2,L60555,GGCTAC,None,1,astMex_2.0,Rohner Lab,5832860,79.34,Single Read,76
n_3_1_CTTGTA.fastq.gz,MOLNG-3681,poly-A Stranded RNA-Seq,3,7dpfFOODTINAJA3,L60556,CTTGTA,None,1,astMex_2.0,Rohner Lab,6217123,79.67,Single Read,76
n_3_1_AGTCAA.fastq.gz,MOLNG-3681,poly-A Stranded RNA-Seq,3,7dpfSURFACE1,L60557,AGTCAA,None,1,astMex_2.0,Rohner Lab,9109695,81.06,Single Read,76
n_3_1_AGTTCC.fastq.gz,MOLNG-3681,poly-A Stranded RNA-Seq,3,7dpfSURFACE2,L60558,AGTTCC,None,1,astMex_2.0,Rohner Lab,6947973,80.14,Single Read,76
n_3_1_ATGTCA.fastq.gz,MOLNG-3681,poly-A Stranded RNA-Seq,3,7dpfSURFACE3,L60559,ATGTCA,None,1,astMex_2.0,Rohner Lab,7125365,80.32,Single Read,76
n_3_1_CCGTCC.fastq.gz,MOLNG-3681,poly-A Stranded RNA-Seq,3,7dpfTINAJA1,L60560,CCGTCC,None,1,astMex_2.0,Rohner Lab,8296229,79.87,Single Read,76
n_3_1_GTCCGC.fastq.gz,MOLNG-3681,poly-A Stranded RNA-Seq,3,7dpfTINAJA2,L60561,GTCCGC,None,1,astMex_2.0,Rohner Lab,5960495,79.39,Single Read,76
n_3_1_GTGAAA.fastq.gz,MOLNG-3681,poly-A Stranded RNA-Seq,3,7dpfTINAJA3,L60562,GTGAAA,None,1,astMex_2.0,Rohner Lab,5624954,79.93,Single Read,76
n_4_1_ATCACG.fastq.gz,MOLNG-3681,poly-A Stranded RNA-Seq,4,5dpfsurface1,L60545,ATCACG,None,1,astMex_2.0,Rohner Lab,5501753,80.44,Single Read,76
n_4_1_CGATGT.fastq.gz,MOLNG-3681,poly-A Stranded RNA-Seq,4,5dpfsurface2,L60546,CGATGT,None,1,astMex_2.0,Rohner Lab,6212333,81.39,Single Read,76
n_4_1_TTAGGC.fastq.gz,MOLNG-3681,poly-A Stranded RNA-Seq,4,5dpfsurface3,L60547,TTAGGC,None,1,astMex_2.0,Rohner Lab,5558638,80.08,Single Read,76
n_4_1_TGACCA.fastq.gz,MOLNG-3681,poly-A Stranded RNA-Seq,4,5dpfTINAJA1,L60548,TGACCA,None,1,astMex_2.0,Rohner Lab,8266432,80.53,Single Read,76
n_4_1_ACAGTG.fastq.gz,MOLNG-3681,poly-A Stranded RNA-Seq,4,5dpfTINAJA2,L60549,ACAGTG,None,1,astMex_2.0,Rohner Lab,7771738,80.36,Single Read,76
n_4_1_GCCAAT.fastq.gz,MOLNG-3681,poly-A Stranded RNA-Seq,4,5dpfTINAJA3,L60550,GCCAAT,None,1,astMex_2.0,Rohner Lab,6574103,81.28,Single Read,76
n_4_1_CAGATC.fastq.gz,MOLNG-3681,poly-A Stranded RNA-Seq,4,7dpfFOODSURFACE1,L60551,CAGATC,None,1,astMex_2.0,Rohner Lab,7302710,80.17,Single Read,76
n_4_1_ACTTGA.fastq.gz,MOLNG-3681,poly-A Stranded RNA-Seq,4,7dpfFOODSURFACE2,L60552,ACTTGA,None,1,astMex_2.0,Rohner Lab,6414869,79.54,Single Read,76
n_4_1_GATCAG.fastq.gz,MOLNG-3681,poly-A Stranded RNA-Seq,4,7dpfFOODSURFACE3,L60553,GATCAG,None,1,astMex_2.0,Rohner Lab,6182059,81.11,Single Read,76
n_4_1_TAGCTT.fastq.gz,MOLNG-3681,poly-A Stranded RNA-Seq,4,7dpfFOODTINAJA1,L60554,TAGCTT,None,1,astMex_2.0,Rohner Lab,6606918,76.04,Single Read,76
n_4_1_GGCTAC.fastq.gz,MOLNG-3681,poly-A Stranded RNA-Seq,4,7dpfFOODTINAJA2,L60555,GGCTAC,None,1,astMex_2.0,Rohner Lab,5867287,79.38,Single Read,76
n_4_1_CTTGTA.fastq.gz,MOLNG-3681,poly-A Stranded RNA-Seq,4,7dpfFOODTINAJA3,L60556,CTTGTA,None,1,astMex_2.0,Rohner Lab,6272900,79.69,Single Read,76
n_4_1_AGTCAA.fastq.gz,MOLNG-3681,poly-A Stranded RNA-Seq,4,7dpfSURFACE1,L60557,AGTCAA,None,1,astMex_2.0,Rohner Lab,9170838,81.11,Single Read,76
n_4_1_AGTTCC.fastq.gz,MOLNG-3681,poly-A Stranded RNA-Seq,4,7dpfSURFACE2,L60558,AGTTCC,None,1,astMex_2.0,Rohner Lab,6998397,80.17,Single Read,76
n_4_1_ATGTCA.fastq.gz,MOLNG-3681,poly-A Stranded RNA-Seq,4,7dpfSURFACE3,L60559,ATGTCA,None,1,astMex_2.0,Rohner Lab,7194430,80.34,Single Read,76
n_4_1_CCGTCC.fastq.gz,MOLNG-3681,poly-A Stranded RNA-Seq,4,7dpfTINAJA1,L60560,CCGTCC,None,1,astMex_2.0,Rohner Lab,8352242,79.91,Single Read,76
n_4_1_GTCCGC.fastq.gz,MOLNG-3681,poly-A Stranded RNA-Seq,4,7dpfTINAJA2,L60561,GTCCGC,None,1,astMex_2.0,Rohner Lab,6004641,79.4,Single Read,76
n_4_1_GTGAAA.fastq.gz,MOLNG-3681,poly-A Stranded RNA-Seq,4,7dpfTINAJA3,L60562,GTGAAA,None,1,astMex_2.0,Rohner Lab,5663697,79.94,Single Read,76
